{"cameraMode":{"drawMode":0,"name":"Shaded","section":"Shading Mode"},"sceneLighting":false,"audioPlay":false,"sceneViewState":{"showFog":true,"showMaterialUpdate":false,"showSkybox":true,"showFlares":true,"showImageEffects":true,"showParticleSystems":true},"in2DMode":false,"pivot":{"x":0.0,"y":-2.200000047683716,"z":-2.9000000953674318},"rotation":{"x":-0.25482994318008425,"y":0.5918935537338257,"z":-0.20472432672977448,"w":-0.7367575764656067},"size":0.5715764164924622,"orthographic":false}